{"_id":{"$oid":"5d9474beab0c691518a6a081"},"role_status":true,"role_name":"Super-admin","__v":{"$numberInt":"0"}}
{"_id":{"$oid":"5d949d96805317041493b6ef"},"role_status":true,"role_name":"admin"}
{"_id":{"$oid":"5dc26d8edf8b639ae0589502"},"role_status":true,"role_name":"test","created_date":{"$date":{"$numberLong":"1573023118817"}},"__v":{"$numberInt":"0"}}
{"_id":{"$oid":"5e205ee4698dcc1fe821d259"},"role_status":true,"role_name":"demo","created_date":{"$date":{"$numberLong":"1579179748379"}},"__v":{"$numberInt":"0"}}
