{"_id":{"$oid":"5da591ef9386ca18344507bf"},"email_confirmation":true,"create_date":{"$date":{"$numberLong":"1571131829514"}},"firstname":"amit","lastname":"bhata","dob":{"$date":{"$numberLong":"971568000000"}},"email":"amit@gmail.com","password":"c7ad44cbad762a5da0a452f9e854fdc1e0e7a52a38015f23f3eab1d80b931dd472634dfac71cd34ebc35d16ab7fb8a90c81f975113d6c7538dc69dd8de9077ec","gender":"female","user_token":"null","__v":{"$numberInt":"0"}}
{"_id":{"$oid":"5dad3d1d165e8d1ac0f2e4ca"},"email_confirmation":true,"create_date":{"$date":{"$numberLong":"1571634459437"}},"firstname":"tushar","lastname":"joshi","dob":{"$date":{"$numberLong":"971568000000"}},"email":"tusharjoshiswb@gmail.com","password":"36f3bbaa8b26e1c3900cc79899e8fc8e440ad96f3a1fa6e26d0a2a99ca374a77c4c17dace97f8f534e8de851c88aed53b2dd72368bd6668da6a9ef3f4de2c71a","gender":"female","user_token":"5079656327","__v":{"$numberInt":"0"},"forget_token":null}
