{"_id":{"$oid":"5daeae0fc3937511a8c5d964"},"title":"Why This Site Has Almost No Graphics","author":"Jakob Nielsen","text":"The real reason is explained in an interview with The Guardian:The web design guru that web designers love to hate. My scaled-back design has a strong effect on the reflective level of Don Norman's theory for emotional design.My original reasons, when I designed the site in 1995, were as follows.Download times rule the Web, and since many users still don't have broadband, Web pages can be no more than 6 KB if they are to download in one second which is the required response time for hypertext navigation. Users do not keep their attention on the page if downloading exceeds 10 seconds, corresponding to 60 KB at modem speed. Keeping below these size limits rules out most graphics.I am not a visual designer, so my graphics would look crummy anyway. Since this website is created by myself (and not by a multidisciplinary team as I always recommend for large sites) I didn't want to spend money to hire an artist.These arguments are still relevant, even though most users now have broadband access and can accommodate a few images. Indeed, I have started using screenshot and charts in my articles from time to time.For more info about the need for sub-second response times, see my book Multimedia and Hypertext: The Internet and Beyond or my short essay on the three main response time limits.I did have to add a small glyph to the navigation bar to emphasize the meaning of the hierarchy nesting. My original design used a simple colon to separate the levels, but some users thought that the colons indicated alternative choices on the same level (and not a progressively deeper nesting of options, as intended). The arrows seem to be slightly easier to understand as an indication of moving deeper and deeper into the site.(Update 2007: note that the current recommendation for the breadcrumb separator is to simply use a > [greater-than sign]. Users are now so accustomed to breadcrumbs that there's no need for the added symbolism provided by an arrow.)Useit.com and nngroup.com are both hosted on Pair Networks. (With domain name registration at GoDaddy.com.)I have used Pair since 1996 for various smaller projects and been very satisfied, and since 2005 I am hosting the two high-traffic sites there as well. Good performance and almost no downtime.One benefit of the small number of graphics on this site is that I can serve a quarter million unique users per month and about 50 GB/month data transfer with a relatively cheap Web hosting account that covers both sites for $75/month. The cost of running the sites comes to 0.02 cents per user or 0.005 cents per pageview served.Even though I'm happy with Pair Networks, and even though they offer their own domain hosting service I still stick with GoDaddy for domain hosting. This is to reserve the possibility of switching my hosting to another service at a moment's notice if Pair ever degrades its service the way every other hosting company I've ever been with has eventually done. (To the credit of Pair's founders, they have not sold out to a big company with bad service, but one never knows whether that could happen.) It's safest to separate site hosting and domain names, and maintain the two at different companies.","wordcount":{"$numberInt":"546"},"sentencecount":{"$numberInt":"32"},"genre":"Internet","passivecount":{"$numberInt":"2"},"transitioncount":{"$numberInt":"8"},"sdpercent":{"$numberInt":"71"},"wordycount":{"$numberInt":"3"},"andbutorcount":{"$numberInt":"0"},"runoncount":{"$numberInt":"0"},"grammarcount":{"$numberInt":"0"},"__v":{"$numberInt":"0"}}
{"_id":{"$oid":"5daeb37ec3937511a8c5d966"},"title":"Girl, I’m Telling Your Momma!","author":"JGerman Regin","text":"Abortion; depending on a person’s belief, may be against their righteous will, or it can be just another normal surgery with no immoral side to it. Either way someone takes it, there are minors out in this world getting pregnant, whether because they were irresponsible or it was done against their will. That said, should a parent have a lawful right to know every step their daughters make? Of course they would want that but will they ever know every single secret? No. Now there are different degrees of wrong acts. A getting pregnant with or without their will, and an abortion surgery being taken in consideration, is known to be very serious. California voters are debating weather Proposition 85 should be passed on the November ballot. This would require a minor’s parent to be notified before she can have a legal abortion. If a child gets in a fight and twists his ankle, where as no one gets caught, do they have to tell their parents? Most don’t. But, if their arm is broken and surgery is required, will they be forced to tell their parents? Of course! \tThere are many against this proposition that believe parents rightfully want to be involved in their child’s lives, and that most parents want the best for their kids. But that good family communication should not be imposed by the government. They believe that it is more effective to educate parents to have good communication with their kids, teach them to me more responsible, the right sexual behaviors while young, and to make them feel they can talk to them about any problem. Although yes that would probably be a nice idea, there are a lot of parents who don’t have the right personality and attitude for that. They do agree that even if they did, that wouldn’t stop many girls from having sexual relations, will or no will, and getting pregnant and that they will still be afraid and ashamed to tell their parents. But will all this justify the minor’s right to make a decision of that degree on his own? No way! Why? Well obviously because the rights of a minor are limited and we can’t change that just because of a minor’s shame from wrong doing. Parents still need to have the right to know before an abortion happens. A very good point has also been brought up by people against proposition 85. But, what if the girl has an unsupportive, abusive, parent? Yes there are many children out there that are being raised in a violent or even abusive atmosphere. Yes, this might push a vulnerable child to an illegal abortion in some unprofessional clinic; even give thoughts of suicide. But hey every bad decision has bad consequences, therefore extreme possibilities like these. In this case, it would probably be a good idea to set a support from the government, maybe set a teen pregnancy organization where they will help the teen along the whole way, and have them confess to their parent. Parents, bad or good, have the right to know no matter if they are, bad, violent, or if they don’t care, they majority do care so that weighs off the other end.It may also be that the own parent is abusive and might be the one who impregnated the daughter. In these extreme, yet possible incidents this law wouldn’t apply because obviously the parent already knows what might happen. In this case the child might be forced secretly by his parent to abort. This cant be used as an excuse why others shouldn’t have to tell their parents, this is a whole different idea, since the law is for parents to know what their child is getting into. What the girl needs to do is have the courage to bring the law into action for it’s a crime. If the parents are abusive and or they are violent, this proposition does give the minor the chance to get a judicial waiver. The waiver is a free, fast, and confidential process that requires the minor to fill out a few forms. She will be tried under a juvenile court judge; if she is seen to be mature enough to make a decision of abortion, it will be granted. In circumstances where the parent is the sexual abuser, then the court will determine what’s best for the child and not the parent.\tA person stated in an article “The right to choose whether to terminate a pregnancy can    t be contingent upon a parent    s involvement or knowledge, because there are some cases where the interests of a child and her parent are not the same.” This person is contradicting what our society laws are since the beginning. In our society a child is to be dependant to their parents until the age of eight-teen. If people are going to say it should be that way with abortion well lets screw all the other limitation we have on children. Let’s forget about curfews! It is against the interest of a child right? Other than being part of an abusive and violent family, a pregnant girl needs to face the consequences of going through the bad emotional feelings that come in place; there are always counselors out there. \tOn the belliefs that abortion is against nothing in our sociaty, which its how un godly people see it. Then if that    s the view wer    re focusing on. Proposition 85 would work not only for parents advantage, but for the young girl, how much reasonable can a child be on having a growing, living seed in them. Some will assume that this new law will be most effective with children under normal parents, that are not sexualy abusive nor violent. There is indeed the judicial waiver which will work properly, its a fast process and its not like it will last months for it to process. There is also the fact that if having to wait will be uhhealthy for the young girl then it does not require parent consent. Then what is the only drawback? Well that the girl will be extremly nervous, and ahamed that she will look for back-alley clinics, but hey! Is there much difference when someone flunks school, get    s bad grades, fights and hurts someone, gets arrested; they all have to go throught he shame and nervousness of having their parents know.","wordcount":{"$numberInt":"1078"},"sentencecount":{"$numberInt":"61"},"genre":"College Writing","passivecount":{"$numberInt":"19"},"transitioncount":{"$numberInt":"12"},"sdpercent":{"$numberInt":"56"},"wordycount":{"$numberInt":"27"},"andbutorcount":{"$numberInt":"5"},"runoncount":{"$numberInt":"0"},"grammarcount":{"$numberInt":"1"},"__v":{"$numberInt":"0"}}
{"_id":{"$oid":"5daeb3fcc3937511a8c5d967"},"title":"How Long Do Users Stay On Web Pages","author":"Jakob Nielsen","text":"How long will users stay on a Web page before leaving? It's a perennial question, yet the answer has always been the same.  Not very long. The average page visit lasts a little less than a minute. As users rush through Web pages, they have time to read only a quarter of the text on the pages they actually visit (let alone all those they don't). So, unless your writing is extraordinarily clear and focused, little of what you say on your website will get through to customers.  However, while users are always in a hurry on the Web, the time they spend on individual page visits varies widely: sometimes people bounce away immediately, other times they linger for far longer than a minute. Given this, the average is not the most fruitful way of analyzing user behaviors. Users are human beings â€” their behaviors are highly variable and are not captured fully by a single number.  Leaving Web Pages: The Weibull Hazard Function  New research by Chao Liu and colleagues from Microsoft Research now provides a mathematical understanding of users' page-leaving behaviors. The scientists collected data from \"\"a popular Web browser plug-in,\"\" analyzing page-visit durations for 205,873 different Web pages for which they had captured upwards of 10,000 visits. Suffice it to say: these guys crunched a lot of data (more than 2 billion dwell times). The result: the time users spend on a Web page follows a Weibull distribution.  99.9% of readers will now ask: What's a Weibull distribution?  Weibull is a reliability-engineering concept that's used to analyze the time-to-failure for components. The model's hazard function indicates the probability that a component will fail at time t, given that it has worked fine up until time t.  So, after replacing a spare part in a piece of equipment, Weibull analysis predicts when you'll have to replace it again. It also lets you conduct risk analysis beyond simplistic mean-time to failure. And, if you own a lot of equipment, you can use aggregate analysis to, say, manage your spare parts inventory.  Of course, when analyzing Web visits, we simply replace \"\"component failure\"\" with \"\"user leaving the page.\"\" In their research paper, Liu and colleagues provide intensive statistical analysis to show that the Weibull model closely matches users' empirically observed behavior.  According to earlier research, there are 2 different kinds of Weibull distributions:  Positive aging: The longer the component has been in service, the more likely it is to fail. In other words, the hazard function increases for larger values of t. This makes intuitive sense, because the longer stuff is used, the more it wears down. Thus, something that has been in use for a long time will be approaching its breaking point. Negative aging: The longer the component has been in service, the less likely it is to fail. Here, the hazard function decreases for larger values of t. This makes sense when individual components vary in quality: poorly made components usually fail early, so anything that has been in service for a long time is likely to be particularly robust and will usually survive even longer.  The researchers discovered that 99% of Web pages have a negative aging effect. In humanâ€“computer interaction (HCI) research, it's extremely rare to get this strong a finding, and Liu and colleagues should be credited with discovering a major new insight. Why negative aging? Because Web pages are indeed of highly variable quality. Users know this and spend their initial time on a page in ruthless triage to abandon the dross ASAP. It's rare for people to linger on Web pages, but when users do decide that a page is valuable, they may stay for a bit.  The following chart shows the hazard function â€” that is, the likelihood of leaving â€” for the median Weibull parameters fitted across the scientists' humongous dataset:    It's clear from the chart that the first 10 seconds of the page visit are critical for users' decision to stay or leave. The probability of leaving is very high during these first few seconds because users are extremely skeptical, having suffered countless poorly designed Web pages in the past. People know that most Web pages are useless, and they behave accordingly to avoid wasting more time than absolutely necessary on bad pages.  If the Web page survives this first â€” extremely harsh â€” 10-second judgment, users will look around a bit. However, they're still highly likely to leave during the subsequent 20 seconds of their visit. Only after people have stayed on a page for about 30 seconds does the curve become relatively flat. People continue to leave every second, but at a much slower rate than during the first 30 seconds.  So, if you can convince users to stay on your page for half a minute, there's a fair chance that they'll stay much longer â€” often 2 minutes or more, which is an eternity on the Web.","wordcount":{"$numberInt":"805"},"sentencecount":{"$numberInt":"44"},"genre":"Internet","passivecount":{"$numberInt":"3"},"transitioncount":{"$numberInt":"12"},"sdpercent":{"$numberInt":"56"},"wordycount":{"$numberInt":"9"},"andbutorcount":{"$numberInt":"1"},"runoncount":{"$numberInt":"0"},"grammarcount":{"$numberInt":"1"},"__v":{"$numberInt":"0"}}
{"_id":{"$oid":"5daeb48ac3937511a8c5d968"},"title":"How Long Do Users Stay On Web Pages","author":"Eric Westervelt","text":"This week, Norwegians will be confronted again with the terrible details and trauma of the worst peacetime attack in country's history.  Police say last July 22nd, Anders Behring Breivik set off a car bomb in the center of Oslo near government offices. The blast killed eight people and spun residents and police into a state of chaotic alarm and confusion.  The bombing was a deadly diversion that allowed the right-wing extremist to then make his way to the small bucolic Island of Utoya. There, dressed as a police officer, Breivik roamed the island and methodically gunned down 69 people â€” most of them teenagers attending a summer camp for the ruling Labor Party.   Breivik, who has confessed to killing the 77 people and injuring dozens more, has said the attacks were a bid to stop a \"\"Muslim invasion\"\" of Europe. He goes on trial in Oslo Monday.  Nowadays, the orderly streets and sidewalks of Oslo are lined with blooming spring flowers. Families and safety-helmet wearing cyclists are out enjoying the sun. On the surface, it's hard to tell that some Norwegians are still deeply shaken by the massacre.  \"\"The magnitude of the crime. So many people killed, so many people injured. The cold blood, everything,\"\" says Frank Rossavik, a commentator for a leading Norwegian weekly paper.  He says many want to move on. They're tired of hearing Breivik's name and about the horrific details. But the trial is now bringing it all back on to peoples' computer screens, to their door steps in the morning paper, and back into their psyches.  \"\"People are still shattered, and when they read about the awful things that went on in Utoya, the sadness comes back, and the shock comes back, to some extent,\"\" Rossavik says.   Breivik has voiced no remorse for the massacre. He sees it as part of a so-called \"\"war\"\" against multiculturalism, immigration and Islam, which he sees as the downfall of white, Christian Europe. He has said his only regret is that he didn't kill more people.  The case has sparked debate anew here about Norway's liberal criminal justice system. Breivik is charged with crimes including terrorism, and the maximum sentence if convicted is just 21 years.  The idea that Breivik could be out in two decades doesn't sit well with survivor Per Anders Langerod. The 26-year-old graduate student hid behind a rock before diving into the water and swimming for his life while Breivik killed all around him. He held on to a makeshift raft until rescuers plucked him from the cold water.  He told APTNvideo that he now supports a life sentence option for crimes such as Breivik's.  \"\"Sometimes that is the right thing to do because you have to protect the society,\"\" he said. \"\"And I won't run the risk of meeting Anders Behring Breivik on the subway in 20 years. That's not an option for me. Then I'd have to move from Norway.\"\"  The trial is expected to center on Breivik's mental health. Two sets of court-appointed psychiatrists have issued contradictory reports. The first said Breivik was a delusional paranoid schizophrenic. The second report said he was not psychotic or mentally ill at the time of the crime.   Norwegian crime novelist Jo Nesbo, a long-time Oslo resident, says the mass murder will leave an indelible mark on the country for decades to come. But he's not convinced it will affect Norwegian society in the way, say, the Sept. 11 terrorist attacks shook America.  \"\"Simply because this was one individual, disturbed personality â€” he doesn't represent an important voice in the political landscape [in Norway],\"\" Nesbo says.  Breivik targeted the future generation of the Labor Party. Young people at the vanguard of what he detests: a more multicultural, ethically and religiously integrated Norway. However, the killing spree has only emboldened Norway's young people to get more involved: Membership in youth groups of all the main political parties has increased since the attack.","wordcount":{"$numberInt":"648"},"sentencecount":{"$numberInt":"42"},"genre":"Newspaper","passivecount":{"$numberInt":"4"},"transitioncount":{"$numberInt":"3"},"sdpercent":{"$numberInt":"53"},"wordycount":{"$numberInt":"4"},"andbutorcount":{"$numberInt":"6"},"runoncount":{"$numberInt":"0"},"grammarcount":{"$numberInt":"0"},"__v":{"$numberInt":"0"}}
