{"_id":{"$oid":"5d948f4a59c1771e808799d8"},"permission_controller":"createrole","display_name":"Create Role","__v":{"$numberInt":"0"}}
{"_id":{"$oid":"5d94a2069577841f58ea7d41"},"permission_controller":"forgotpassword","display_name":"Forget password","__v":{"$numberInt":"0"}}
{"_id":{"$oid":"5d94a2409577841f58ea7d43"},"permission_controller":"updatepermission","display_name":"Edit permission","__v":{"$numberInt":"0"}}
{"_id":{"$oid":"5d94a2489577841f58ea7d44"},"display_name":"Get by permission id","permission_controller":"findbyidpermission","__v":{"$numberInt":"0"}}
{"_id":{"$oid":"5d9ae0f497eb9e0eec9c41fa"},"permission_controller":"resetpasswordlink","display_name":"Rest password Link"}
{"_id":{"$oid":"5d9b024c0d2b1f115886a635"},"permission_controller":"findbyidpermissionrole","display_name":"GEt by permission role id"}
{"_id":{"$oid":"5d9b370b4b8bc214fc68e304"},"permission_controller":"updaterole","display_name":"Update role"}
{"_id":{"$oid":"5d9b38d64b8bc214fc68e306"},"permission_controller":"deleterole","display_name":"Delete Role"}
{"_id":{"$oid":"5d9b390d4b8bc214fc68e307"},"permission_controller":"getbyidrole","display_name":"Get by role id"}
{"_id":{"$oid":"5d9d6da32eb6a71e7c7c59f2"},"permission_controller":"role_listing","display_name":"Role listing"}
{"_id":{"$oid":"5d9dcf100f3716208ccf7489"},"permission_controller":"getuserlisting","display_name":"Get by user id"}
{"_id":{"$oid":"5d9de30a0f3716208ccf748b"},"permission_controller":"get_textfrom_editor","display_name":"Get text from editor"}
{"_id":{"$oid":"5da03dcf5ba79012480b0600"},"permission_controller":"deleteadmin_user","display_name":"Delete user "}
{"_id":{"$oid":"5da044ca5ba79012480b0601"},"permission_controller":"getuserbyid","display_name":"Get by user id"}
{"_id":{"$oid":"5da476a5a237d428ac1fefce"},"permission_controller":"listingpermission","display_name":"Listing permission"}
{"_id":{"$oid":"5da6a6012d7fb51f2c42c5b9"},"permission_controller":"changepassword","display_name":"Admin Change password"}
{"_id":{"$oid":"5da6f138a1df1d10e033f994"},"permission_controller":"add_plan","display_name":"Add plan details"}
{"_id":{"$oid":"5dad53143c36030510f58bde"},"permission_controller":"add_feature","display_name":"Add feature details"}
{"_id":{"$oid":"5dad56443c36030510f58bdf"},"permission_controller":"page_add","display_name":"Add static page add details"}
{"_id":{"$oid":"5dad96ac3c36030510f58be1"},"permission_controller":"page_update","display_name":"Add static page update details"}
{"_id":{"$oid":"5dad97153c36030510f58be2"},"permission_controller":"page_listing","display_name":"Add static page listing details"}
{"_id":{"$oid":"5dad9a6c3c36030510f58be5"},"permission_controller":"page_delete","display_name":"Add static page datele details"}
{"_id":{"$oid":"5dad9abd3c36030510f58be6"},"permission_controller":"getbyidpage","display_name":"Get by id page  details"}
{"_id":{"$oid":"5db19389d68daa09d035fe9a"},"permission_controller":"site_listing","display_name":"Site setting listing"}
{"_id":{"$oid":"5db193fcd68daa09d035fe9b"},"permission_controller":"add_site_setting","display_name":"site setting add"}
{"_id":{"$oid":"5db1942bd68daa09d035fe9c"},"permission_controller":"update_site_setting","display_name":"Update site setting"}
{"_id":{"$oid":"5dc255ca08081c9d0c74f09a"},"permission_controller":"createadmin_user","display_name":"add admin user"}
{"_id":{"$oid":"5dc257bd08081c9d0c74f09c"},"permission_controller":"updateadmin_user","display_name":"Edit admin user"}
