{"_id":{"$oid":"5d949e25805317041493b6f1"},"username":"admin","email":"tusharjoshi@gmail.com","password":"c7ad44cbad762a5da0a452f9e854fdc1e0e7a52a38015f23f3eab1d80b931dd472634dfac71cd34ebc35d16ab7fb8a90c81f975113d6c7538dc69dd8de9077ec","role_id":{"$oid":"5d9474beab0c691518a6a081"},"status":true,"forget_token":"1854809338"}
{"_id":{"$oid":"5da0238b45145f001fdea6f8"},"username":"Bhavin","email":"tusharjoshiswb@gmail.com","password":"c7ad44cbad762a5da0a452f9e854fdc1e0e7a52a38015f23f3eab1d80b931dd472634dfac71cd34ebc35d16ab7fb8a90c81f975113d6c7538dc69dd8de9077ec","role_id":{"$oid":"5d949d96805317041493b6ef"},"status":true,"created_date":{"$date":{"$numberLong":"1570775947184"}},"__v":{"$numberInt":"0"},"forget_token":null}
{"_id":{"$oid":"5da5b30833831f1538abc078"},"username":"test777","email":"teadadg@dfsf.dsfs","password":"c7ad44cbad762a5da0a452f9e854fdc1e0e7a52a38015f23f3eab1d80b931dd472634dfac71cd34ebc35d16ab7fb8a90c81f975113d6c7538dc69dd8de9077ec","role_id":{"$oid":"5d949d96805317041493b6ef"},"status":true,"created_date":{"$date":{"$numberLong":"1571140360901"}},"__v":{"$numberInt":"0"}}
{"_id":{"$oid":"5da5b34e33831f1538abc07b"},"username":"demo","email":"savaliyatushar2197@gmail.com","password":"619015f6bc7401c907eecd74d378f47f98debb442f2d7c1a0594662c099437d7cefa169f410ebe07dd172ebeaffc462a2a776654b0cc5ebef22c2072da564c50","role_id":{"$oid":"5dc26d8edf8b639ae0589502"},"status":false,"created_date":{"$date":{"$numberLong":"1571140430898"}},"__v":{"$numberInt":"0"},"forget_token":"2178908012"}
{"_id":{"$oid":"5da6b4b424e0502fc46c0181"},"username":"bhavin","email":"bhavin30531@gmail.com","password":"c7ad44cbad762a5da0a452f9e854fdc1e0e7a52a38015f23f3eab1d80b931dd472634dfac71cd34ebc35d16ab7fb8a90c81f975113d6c7538dc69dd8de9077ec","role_id":{"$oid":"5d9474beab0c691518a6a081"},"status":true,"created_date":{"$date":{"$numberLong":"1571206324412"}},"__v":{"$numberInt":"0"},"forget_token":"4219544347"}
{"_id":{"$oid":"5e16daf294cc2a3644bfa313"},"username":"test123456","email":"test@gmail.com","password":"3c9909afec25354d551dae21590bb26e38d53f2173b8d3dc3eee4c047e7ab1c1eb8b85103e3be7ba613b31bb5c9c36214dc9f14a42fd7a2fdb84856bca5c44c2","role_id":{"$oid":"5d9474beab0c691518a6a081"},"status":true,"created_date":{"$date":{"$numberLong":"1578556146067"}},"__v":{"$numberInt":"0"}}
